{
  "posts": [
    {
      "tweet": "Hello world #twitter",
      "hashtags": [
        "#twitter"
      ],
      "timestamp": "9:15 PM 2/30/2022",
      "id": 1,
      "username": "purit",
      "likes": 3,
      "retweets": 0
    },
    {
      "tweet": "david gries was here",
      "hashtags": [],
      "timestamp": "9:17 PM 2/30/2022",
      "id": 2,
      "username": "purit",
      "likes": 1,
      "retweets": 0
    },
    {
      "tweet": "i sleepy #sleepy",
      "hashtags": [
        "#sleepy"
      ],
      "timestamp": "9:17 PM 2/30/2022",
      "id": 3,
      "username": "purit",
      "likes": 0,
      "retweets": 0
    },
    {
      "tweet": "good night!",
      "hashtags": [],
      "timestamp": "9:20 PM 2/30/2022",
      "id": 4,
      "username": "tim_apple",
      "likes": 5,
      "retweets": 0
    }
  ]
}