{
  "type": "object",
  "properties": {
    "posts": {
      "type": "array",
      "items": {
        "type": "object",
        "properties": {
          "tweet": {
            "type": "string"
          },
          "hashtags": {
            "type": "array",
            "items": {
              "type": "string"
            }
          },
          "timestamp": {
            "type": "string"
          },
          "id": {
            "type": "integer"
          },
          "username": {
            "type": "string"
          },
          "likes": {
            "type": "integer"
          },
          "retweets": {
            "type": "integer"
          }
        },
        "required": [
          "tweet",
          "hashtags",
          "id",
          "username",
          "likes",
          "retweets"
        ]
      }
    }
  },
  "required": [
    "posts"
  ]
}